car_id,pos_x,pos_y,pos_z,velocity_x,velocity_y,velocity_z,gear,engine_rpm,normalized_spline_pos
18,133.1291961669922,-2.277510166168213,-48.58867645263672,-11.010910987854004,-0.015428401529788971,44.32427215576172,6,5291,0.24293722212314606
18,132.6025848388672,-2.2795755863189697,-46.45797348022461,-10.93951416015625,-0.07426951825618744,44.444637298583984,6,5330,0.24357745051383972
18,131.04165649414062,-2.294870615005493,-40.02983856201172,-10.754632949829102,-0.07453946769237518,44.821075439453125,6,5341,0.2455051988363266
18,130.0127410888672,-2.302966833114624,-35.71559143066406,-10.682730674743652,-0.1141328439116478,45.04788589477539,6,5380,0.24679924547672272
18,128.9903564453125,-2.318114757537842,-31.379243850708008,-10.618951797485352,-0.1695789396762848,45.28529739379883,6,5389,0.24809707701206207
18,127.46414184570312,-2.335860252380371,-24.833908081054688,-10.583218574523926,-0.1328757405281067,45.60468673706055,6,5467,0.25005555152893066
18,126.44850158691406,-2.3454153537750244,-20.444353103637695,-10.58084487915039,-0.025597315281629562,45.82823181152344,6,5445,0.2513688802719116
18,125.43173217773438,-2.3431801795959473,-16.03458595275879,-10.60589599609375,0.04579496756196022,46.03258514404297,6,5473,0.25268757343292236
18,124.41139221191406,-2.3403661251068115,-11.605745315551758,-10.652876853942871,0.007830845192074776,46.22872543334961,6,5501,0.25401219725608826
18,123.3858871459961,-2.343777894973755,-7.158036708831787,-10.7101411819458,-0.08489744365215302,46.424251556396484,6,5532,0.25534287095069885
18,121.83605194091797,-2.3578789234161377,-0.4514685869216919,-10.817349433898926,-0.06660816818475723,46.713134765625,6,5554,0.25735005736351013
18,120.79379272460938,-2.3613548278808594,4.042256832122803,-10.893921852111816,-0.012003190815448761,46.899864196777344,6,5577,0.2586943507194519
18,119.74433898925781,-2.3607704639434814,8.553840637207031,-10.966922760009766,0.01760081760585308,47.08534240722656,6,5600,0.260043203830719
18,118.68817901611328,-2.3614296913146973,13.083189010620117,-11.031899452209473,-0.058753155171871185,47.27047348022461,6,5632,0.2613986134529114
18,117.62657928466797,-2.377952814102173,17.630529403686523,-11.078544616699219,-0.2742425203323364,47.461307525634766,6,5669,0.2627590000629425
18,116.03111267089844,-2.4127509593963623,24.487871170043945,-11.064767837524414,-0.1521185338497162,47.771968841552734,6,5672,0.26481014490127563
18,114.97021484375,-2.423532724380493,29.084121704101562,-11.04015064239502,-0.09639417380094528,47.9752197265625,6,5701,0.2661862373352051
18,113.9111557006836,-2.4341516494750977,33.69960403442383,-11.025666236877441,-0.12985071539878845,48.174583435058594,6,5726,0.2675659656524658
18,112.85285186767578,-2.448902130126953,38.33414077758789,-11.023821830749512,-0.17191016674041748,48.371646881103516,6,5748,0.26895231008529663
18,111.7940902709961,-2.4661433696746826,42.9874267578125,-11.034976959228516,-0.18724629282951355,48.564476013183594,6,5768,0.2703438401222229
18,110.20314025878906,-2.495159864425659,50.00149154663086,-11.060693740844727,-0.2129163146018982,48.84700012207031,6,5797,0.27243998646736145
18,109.14051818847656,-2.5182125568389893,54.69998550415039,-11.07708740234375,-0.26842471957206726,49.03232192993164,6,5824,0.2738441526889801
18,108.07621002197266,-2.544508695602417,59.41631317138672,-11.095542907714844,-0.27144336700439453,49.217533111572266,6,5839,0.2752535045146942
18,106.47655487060547,-2.583519458770752,66.5237045288086,-11.118194580078125,-0.28776413202285767,49.4899787902832,6,5872,0.27737754583358765
18,105.4089126586914,-2.615415096282959,71.28372955322266,-11.123004913330078,-0.3825218081474304,49.6718864440918,6,5897,0.27879878878593445
18,104.34092712402344,-2.656196117401123,76.0613021850586,-11.12548828125,-0.4440259337425232,49.855072021484375,6,5912,0.28022515773773193
18,103.2728042602539,-2.6964426040649414,80.85633087158203,-11.12752628326416,-0.3795180320739746,50.034912109375,6,5926,0.2816586196422577
18,102.20419311523438,-2.7272939682006836,85.6683578491211,-11.136419296264648,-0.2699350118637085,50.20893096923828,6,5944,0.2830946445465088
18,100.59874725341797,-2.762971878051758,92.91712951660156,-11.160948753356934,-0.2789995074272156,50.46183395385742,6,5982,0.28525951504707336
18,99.52667236328125,-2.795006513595581,97.76985931396484,-11.17245864868164,-0.38094964623451233,50.63212966918945,6,5999,0.2867079973220825
18,98.45374298095703,-2.8364343643188477,102.63896179199219,-11.180159568786621,-0.48498445749282837,50.80095672607422,6,6021,0.2881580591201782
18,97.37995147705078,-2.888775587081909,107.5241928100586,-11.190398216247559,-0.5950156450271606,50.96934509277344,6,6039,0.28961989283561707
18,96.30497741699219,-2.9485151767730713,112.42558288574219,-11.205462455749512,-0.6327183246612549,51.136688232421875,6,6054,0.2910826802253723
18,95.76683807373047,-2.978522300720215,114.88224792480469,-11.217142105102539,-0.6133695840835571,51.21902084350586,6,6060,0.2918151021003723
18,93.6064224243164,-3.0747060775756836,124.74736022949219,-11.289984703063965,-0.3711144030094147,51.53458023071289,6,6092,0.2947600781917572
18,92.52072143554688,-3.103661298751831,129.70217895507812,-11.325420379638672,-0.23963770270347595,51.686370849609375,6,6109,0.29623690247535706
18,91.43317413330078,-3.1217710971832275,134.67173767089844,-11.320770263671875,-0.14757908880710602,51.84248733520508,6,6130,0.29772070050239563
18,90.89051055908203,-3.127681255340576,137.16233825683594,-11.287954330444336,-0.09663189202547073,51.92665100097656,6,6138,0.298464298248291
18,88.74712371826172,-3.113208293914795,147.16624450683594,-11.021604537963867,0.2526942491531372,52.275272369384766,6,6166,0.30144670605659485
18,88.21986389160156,-3.0987465381622314,149.67759704589844,-10.953227996826172,0.3415704071521759,52.36005401611328,6,6173,0.3021940290927887
18,86.65330505371094,-3.037181854248047,157.23468017578125,-10.827415466308594,0.4705195426940918,52.592288970947266,6,6202,0.30444395542144775
18,85.61544036865234,-2.99255108833313,162.2906494140625,-10.801342964172363,0.4486595392227173,52.73556137084961,6,6220,0.3059505820274353
18,84.5789794921875,-2.954332113265991,167.36019897460938,-10.792234420776367,0.3328469693660736,52.875732421875,6,6242,0.3074586093425751
18,83.54377746582031,-2.9308595657348633,172.44334411621094,-10.771453857421875,0.17308340966701508,53.02023696899414,6,6258,0.30897149443626404
18,82.51200866699219,-2.9142844676971436,177.54061889648438,-10.718953132629395,0.21430298686027527,53.16865158081055,6,6262,0.31048640608787537
18,80.97858428955078,-2.8570611476898193,185.212890625,-10.569398880004883,0.6176262497901917,53.38723373413086,6,6274,0.3127703070640564
18,80.47279357910156,-2.8237907886505127,187.77728271484375,-10.5092191696167,0.7499042749404907,53.45859146118164,6,6282,0.31353479623794556
18,79.46963500976562,-2.748746633529663,192.9163818359375,-10.395499229431152,0.748059868812561,53.60087203979492,6,6315,0.31506192684173584
18,77.98511505126953,-2.6757924556732178,200.65158081054688,-10.210895538330078,0.2339126318693161,53.8359489440918,6,6349,0.31735965609550476
18,77.01599884033203,-2.668666124343872,205.82843017578125,-9.959019660949707,-0.030774539336562157,54.01325988769531,6,6358,0.3188962936401367
18,76.07892608642578,-2.672719955444336,211.02316284179688,-9.555341720581055,-0.023135269060730934,54.205345153808594,6,6360,0.3204381465911865
18,75.18557739257812,-2.670147657394409,216.23667907714844,-9.06403636932373,0.07731522619724274,54.40376663208008,6,6368,0.3219822347164154
18,74.33979034423828,-2.6595444679260254,221.4690399169922,-8.580984115600586,0.1186034083366394,54.59504699707031,6,6384,0.3235311806201935
18,73.53733825683594,-2.6528103351593018,226.71908569335938,-8.154762268066406,0.01065363921225071,54.77458572387695,6,6408,0.3250825107097626
18,72.41291046142578,-2.6481411457061768,234.6267547607422,-7.4665985107421875,0.15239852666854858,55.043087005615234,6,6408,0.3274167478084564
18,71.38251495361328,-2.6188488006591797,242.57115173339844,-6.881221294403076,0.13791495561599731,55.28665542602539,6,6447,0.3297564685344696
18,70.74127197265625,-2.611377477645874,247.8869171142578,-6.474118232727051,0.05843261256814003,55.45273971557617,6,6442,0.33131974935531616
18,70.14191436767578,-2.6104204654693604,253.2180633544922,-6.016655445098877,-0.07681423425674438,55.60685348510742,6,6486,0.3328845500946045
18,69.59412384033203,-2.620670795440674,258.56463623046875,-5.372846603393555,-0.06338173151016235,55.77561569213867,6,6469,0.3344517946243286
18,69.11712646484375,-2.615321159362793,263.9267272949219,-4.566743850708008,0.18786576390266418,55.9293327331543,6,6475,0.33602097630500793
18,68.55875396728516,-2.5416510105133057,271.99530029296875,-3.2316043376922607,0.8561590313911438,56.1207389831543,6,6483,0.33837807178497314
18,68.28591918945312,-2.4442574977874756,277.38824462890625,-2.510481834411621,1.1165691614151,56.2281379699707,6,6493,0.33995237946510315
18,68.0692138671875,-2.3439064025878906,282.7911682128906,-2.0549232959747314,0.8925925493240356,56.33106994628906,6,6545,0.34152835607528687
18,67.88903045654297,-2.280691385269165,288.2052307128906,-1.7029892206192017,0.45336681604385376,56.455421447753906,6,6549,0.3431069850921631
18,67.69384765625,-2.2255804538726807,296.3476257324219,-1.0306997299194336,0.4141905605792999,56.621238708496094,6,6534,0.345480352640152
18,67.61150360107422,-2.191507339477539,301.788330078125,-0.7187880277633667,0.2272433340549469,56.722232818603516,6,6577,0.34706631302833557
18,67.55409240722656,-2.190598249435425,307.2389221191406,-0.4758901298046112,-0.1389887034893036,56.83867263793945,6,6576,0.3486541211605072
18,67.52233123779297,-2.197084665298462,312.7010498046875,-0.20794783532619476,0.07092602550983429,56.946720123291016,6,6561,0.35024628043174744
18,67.5147705078125,-2.189676284790039,315.435791015625,-0.11862989515066147,0.21708379685878754,56.998077392578125,6,6564,0.3510432839393616
18,67.50985717773438,-2.139747142791748,329.147705078125,0.03262973576784134,0.24033886194229126,57.263526916503906,6,6598,0.3550396263599396
18,67.51483154296875,-2.10790753364563,334.6498718261719,0.06677909940481186,0.4141039550304413,57.3604736328125,6,6607,0.3566437363624573
18,67.52247619628906,-2.066483974456787,340.1612243652344,0.09234823286533356,0.39482495188713074,57.456790924072266,6,6635,0.3582502007484436
18,67.53781127929688,-2.0232839584350586,348.44647216796875,0.10163216292858124,0.34211915731430054,57.603553771972656,6,6626,0.36066505312919617
18,67.54511260986328,-1.9839726686477661,353.9686279296875,0.05330280959606171,0.4016737639904022,57.35649490356445,6,6512,0.3622758388519287
18,67.54847717285156,-1.9578540325164795,359.43310546875,0.01543713454157114,0.15369732677936554,56.405460357666016,6,6193,0.3638695776462555
18,67.5474853515625,-1.9481383562088013,364.7815856933594,-0.032979924231767654,0.08355218172073364,55.02773666381836,6,5843,0.3654314875602722
18,67.53736114501953,-1.9237158298492432,372.5343933105469,-0.11661006510257721,0.2541971206665039,52.712860107421875,6,5689,0.36769574880599976
18,67.5231704711914,-1.9062250852584839,377.52960205078125,-0.17878766357898712,0.0796472579240799,51.424232482910156,1,5638,0.3691541254520416
18,67.5009994506836,-1.906297206878662,382.4021301269531,-0.29145368933677673,-0.02995142713189125,50.1093864440918,1,6550,0.3705763816833496
18,67.48554229736328,-1.9071459770202637,384.7893981933594,-0.3441404402256012,-0.003599691903218627,49.385284423828125,5,6754,0.3712737560272217
18,67.4682388305664,-1.9063295125961304,387.1404113769531,-0.37138164043426514,0.0329621359705925,48.626773834228516,5,6705,0.37196084856987
18,67.39100646972656,-1.9015147686004639,396.1918029785156,-0.45412972569465637,-0.01962834969162941,45.71704864501953,5,6264,0.374603807926178
18,67.31858825683594,-1.9061992168426514,402.61602783203125,-0.5445977449417114,-0.03646470233798027,43.54853820800781,5,6027,0.37648123502731323
18,67.29167175292969,-1.9081660509109497,404.6880798339844,-0.5772726535797119,-0.04492728412151337,42.830955505371094,5,5936,0.37708425521850586
18,67.16766357421875,-1.9232381582260132,412.6392822265625,-0.6858568787574768,-0.14783509075641632,40.06687545776367,5,5541,0.3794090747833252
18,67.09864044189453,-1.9384722709655762,416.4154968261719,-0.7618758678436279,-0.1601218432188034,38.665611267089844,5,5404,0.3805101811885834
18,67.02184295654297,-1.9603800773620605,420.0648498535156,-0.8302226066589355,-0.324161559343338,37.44874954223633,5,5014,0.38157641887664795
18,66.93901062011719,-1.994372010231018,423.59161376953125,-0.9197253584861755,-0.24486076831817627,36.008697509765625,5,4918,0.38260558247566223
18,66.73164367675781,-2.0385310649871826,430.2567443847656,-1.2622623443603516,-0.33658766746520996,33.459442138671875,5,4707,0.38454973697662354
18,66.59132385253906,-2.057826042175293,433.40087890625,-1.655859351158142,-0.08653532713651657,32.1158447265625,5,4603,0.38546475768089294
18,66.4135971069336,-2.0634264945983887,436.4249267578125,-2.029855489730835,-0.0865246132016182,30.94982147216797,5,4376,0.3863452672958374
18,66.19539642333984,-2.076216459274292,439.34375,-2.5358612537384033,-0.1642114818096161,29.925323486328125,1,5329,0.38718974590301514
18,65.76070404052734,-2.1093027591705322,443.5566101074219,-3.4961652755737305,-0.30383720993995667,28.622316360473633,4,5112,0.3884097635746002
18,65.38797760009766,-2.1406686305999756,446.2603454589844,-4.321150302886963,-0.260437935590744,27.74772071838379,4,5003,0.3891921043395996
18,64.92079162597656,-2.1502432823181152,448.8841857910156,-5.391139984130859,0.021584482863545418,26.887786865234375,4,5030,0.38995110988616943
18,64.35516357421875,-2.1456141471862793,451.4292907714844,-6.355474948883057,0.023829452693462372,26.17408561706543,4,4956,0.3906911015510559
18,63.70000076293945,-2.148181200027466,453.9082946777344,-7.276911735534668,-0.07238463312387466,25.4970645904541,4,4859,0.39142027497291565
18,62.52876663208008,-2.1481194496154785,457.5068664550781,-8.948305130004883,0.06576665490865707,24.50025177001953,4,4841,0.3924904465675354
18,61.61756134033203,-2.141279935836792,459.8264465332031,-10.011476516723633,0.09316881746053696,23.829620361328125,4,4807,0.39319345355033875
18,60.60600662231445,-2.132577657699585,462.0805969238281,-11.028740882873535,0.07086353003978729,23.165725708007812,4,4794,0.3938901722431183
18,59.504180908203125,-2.133136510848999,464.2765197753906,-11.85101318359375,-0.15020142495632172,22.62213897705078,4,4783,0.39458703994750977
18,58.32080841064453,-2.1565866470336914,466.4184265136719,-12.824833869934082,-0.2679804861545563,21.998929977416992,4,4898,0.3952728509902954
18,56.36016082763672,-2.1954901218414307,469.51861572265625,-14.380688667297363,-0.25267714262008667,21.03742790222168,4,4876,0.39630284905433655
18,54.93098831176758,-2.2180123329162598,471.50140380859375,-15.367162704467773,-0.22867900133132935,20.29684829711914,4,4853,0.39698782563209534
18,53.408180236816406,-2.237867832183838,473.4118957519531,-16.279264450073242,-0.22800464928150177,19.562124252319336,4,4861,0.39767494797706604
18,51.80391311645508,-2.267874240875244,475.2574768066406,-17.138835906982422,-0.33160457015037537,18.867795944213867,4,4912,0.39836201071739197
18,50.11548614501953,-2.2974345684051514,477.0312805175781,-18.01778793334961,-0.3067095875740051,18.124910354614258,4,4880,0.3990482985973358
18,47.42886734008789,-2.3387982845306396,479.55511474609375,-19.19385528564453,-0.3348081409931183,16.982498168945312,4,4913,0.40008753538131714
18,46.49775695800781,-2.3561532497406006,480.35968017578125,-19.58336067199707,-0.362029492855072,16.54521369934082,4,4812,0.400431364774704
18,42.6070556640625,-2.411860466003418,483.3536376953125,-20.952238082885742,-0.23079806566238403,14.678640365600586,4,4901,0.4018178880214691
18,40.55903244018555,-2.4305710792541504,484.7176208496094,-21.694625854492188,-0.14197660982608795,13.747415542602539,4,5007,0.4025050103664398
18,38.43852996826172,-2.441640853881836,485.99212646484375,-22.484848022460938,-0.0605129674077034,12.799818992614746,4,5019,0.4032076895236969
18,35.12066650390625,-2.44138240814209,487.7265319824219,-23.5435791015625,-0.0005915709771215916,11.34383487701416,4,5075,0.4042704701423645
18,33.98252487182617,-2.442626476287842,488.2596740722656,-23.8573055267334,-0.052751295268535614,10.901044845581055,4,5157,0.40462687611579895
18,30.470918655395508,-2.4568850994110107,489.7292175292969,-24.921899795532227,-0.08622381836175919,9.485294342041016,4,5305,0.40571051836013794
18,28.043081283569336,-2.443603515625,490.5738220214844,-25.607677459716797,0.292089581489563,8.214570999145508,4,5437,0.4064401090145111
18,25.54915428161621,-2.4099559783935547,491.3049621582031,-26.234493255615234,0.3479156196117401,7.137790203094482,4,5463,0.40717944502830505
18,23.00994300842285,-2.396573543548584,491.95477294921875,-26.67926597595215,-0.03479183465242386,6.413366794586182,4,5445,0.40793296694755554
18,19.11981773376465,-2.43174147605896,492.7882080078125,-27.29446792602539,-0.5029518604278564,5.216190814971924,4,5400,0.40907877683639526
18,12.470654487609863,-2.476062536239624,493.61956787109375,-28.133930206298828,0.17297205328941345,1.7164891958236694,4,5554,0.4110037088394165
18,9.754209518432617,-2.463440418243408,493.72991943359375,-28.43865203857422,0.04173596575856209,0.6552738547325134,4,5715,0.41179153323173523
18,7.008784770965576,-2.4623796939849854,493.7362365722656,-28.72854232788086,0.1622743457555771,-0.6253598928451538,4,5684,0.4125850796699524
18,2.85213041305542,-2.411609172821045,493.51910400390625,-29.00310707092285,0.3688768446445465,-2.2417702674865723,4,5858,0.41379207372665405
18,1.4580514430999756,-2.4016776084899902,493.4056091308594,-29.0902042388916,0.049605242908000946,-2.453118085861206,4,6027,0.41419705748558044
18,-2.7549500465393066,-2.4474294185638428,492.9785461425781,-29.318458557128906,-0.4459676742553711,-3.691396713256836,4,5888,0.41542336344718933
18,-6.987429618835449,-2.4616105556488037,492.2906799316406,-29.468969345092773,0.16179035604000092,-5.713871002197266,4,5800,0.4166645109653473
18,-9.820610046386719,-2.4420762062072754,491.6889953613281,-29.54876708984375,0.20909832417964935,-6.7491326332092285,4,5925,0.4174996316432953
18,-14.08989429473877,-2.4167685508728027,490.6186828613281,-29.727994918823242,0.08925436437129974,-8.030860900878906,4,6040,0.41877567768096924
18,-16.95055389404297,-2.422041177749634,489.8096008300781,-29.853363037109375,-0.1500803828239441,-8.83204460144043,4,6038,0.41963544487953186
18,-19.817625045776367,-2.4435834884643555,488.9170837402344,-29.858917236328125,-0.2749687433242798,-9.758190155029297,4,6141,0.42050179839134216
18,-22.678110122680664,-2.463029623031616,487.9229431152344,-29.726930618286133,-0.1129106655716896,-10.932242393493652,4,6167,0.42137354612350464
18,-26.939062118530273,-2.46062970161438,486.2162170410156,-29.46017074584961,0.07450319081544876,-12.679931640625,4,6223,0.42269420623779297
18,-31.164264678955078,-2.4566290378570557,484.2815856933594,-29.22406005859375,-0.008479941636323929,-14.1598539352417,4,6304,0.42403942346572876
18,-35.35003662109375,-2.45762038230896,482.1318664550781,-28.90793800354004,0.000491103739477694,-15.651909828186035,4,6365,0.4253964126110077
18,-38.11371612548828,-2.45599365234375,480.58184814453125,-28.67020034790039,0.033388204872608185,-16.60792350769043,4,6404,0.4263128936290741
18,-44.92750930786133,-2.4533615112304688,476.33355712890625,-28.145517349243164,-0.013890589587390423,-18.699932098388672,4,6524,0.4286363422870636
18,-47.624515533447266,-2.4592556953430176,474.5058288574219,-28.04244613647461,-0.09183483570814133,-19.356552124023438,4,6558,0.42958498001098633
18,-50.31435775756836,-2.47670316696167,472.6214294433594,-28.006200790405273,-0.21051481366157532,-19.906143188476562,4,6579,0.43053582310676575
18,-54.34870910644531,-2.523470401763916,469.7185974121094,-27.929502487182617,-0.24386417865753174,-20.310443878173828,1,6036,0.43198055028915405
18,-57.024749755859375,-2.512705087661743,467.7459411621094,-27.92569351196289,0.27489933371543884,-20.803531646728516,5,5211,0.4329476058483124
18,-63.80949401855469,-2.4994964599609375,462.7064208984375,-28.659894943237305,-0.06042315810918808,-21.141355514526367,5,5386,0.4354049861431122
18,-66.57524108886719,-2.49936580657959,460.6711730957031,-28.94895362854004,0.059973664581775665,-21.25648307800293,5,5440,0.43640631437301636
18,-70.7746810913086,-2.483213186264038,457.5943908691406,-29.357698440551758,0.12904596328735352,-21.48227310180664,5,5503,0.43792128562927246
18,-73.60545349121094,-2.473119020462036,455.52349853515625,-29.60634994506836,0.0832342877984047,-21.6577091217041,5,5553,0.4389427900314331
18,-76.45929718017578,-2.4656355381011963,453.4347839355469,-29.836793899536133,0.07871891558170319,-21.854934692382812,5,5593,0.4399693012237549
18,-80.7789077758789,-2.4601035118103027,450.2635498046875,-30.144153594970703,-0.008462991565465927,-22.189491271972656,5,5669,0.44153183698654175
18,-83.6820068359375,-2.459411382675171,448.1209411621094,-30.3249454498291,0.05325772985816002,-22.442211151123047,5,5705,0.4425825774669647
18,-86.6015853881836,-2.448908567428589,445.95343017578125,-30.492319107055664,0.1545652449131012,-22.70595359802246,5,5741,0.4436402916908264
18,-91.01092529296875,-2.429546594619751,442.6556701660156,-30.742210388183594,0.06887394189834595,-23.083818435668945,5,5825,0.44524767994880676
18,-93.97036743164062,-2.426724910736084,440.42706298828125,-30.906116485595703,0.015948014333844185,-23.33966827392578,5,5848,0.44632411003112793
18,-98.43817901611328,-2.4278886318206787,437.03863525390625,-31.143047332763672,-0.03979649022221565,-23.709129333496094,5,5912,0.44795745611190796
18,-101.43612670898438,-2.4322712421417236,434.75115966796875,-31.308752059936523,-0.034441880881786346,-23.93489646911621,5,5953,0.449057400226593
18,-105.9644775390625,-2.430201530456543,431.2819519042969,-31.58403205871582,0.0385783389210701,-24.231258392333984,5,6004,0.4507185220718384
18,-109.00639343261719,-2.4275193214416504,428.94757080078125,-31.78529930114746,0.02024676464498043,-24.393291473388672,5,6043,0.4518353343009949
18,-112.0675277709961,-2.425387382507324,426.5977478027344,-31.98006248474121,0.02397746592760086,-24.558691024780273,5,6079,0.452959805727005
18,-116.69171142578125,-2.42189884185791,423.04071044921875,-32.229713439941406,0.02433864027261734,-24.849910736083984,5,6135,0.45465758442878723
18,-119.79228210449219,-2.4195992946624756,420.64361572265625,-32.356903076171875,0.023409206420183182,-25.088388442993164,5,6170,0.45579925179481506
18,-124.46247863769531,-2.415881872177124,417.0013732910156,-32.494293212890625,0.04205906763672829,-25.49871253967285,5,6225,0.45752182602882385
18,-132.28256225585938,-2.403430461883545,410.7935791015625,-32.66194152832031,0.013018359430134296,-26.229949951171875,5,6310,0.4604353904724121
18,-135.42092895507812,-2.403036117553711,408.2608947753906,-32.720306396484375,-0.0038007458206266165,-26.523178100585938,5,6344,0.4616098701953888
18,-140.1407470703125,-2.402923107147217,404.4119567871094,-32.83792495727539,0.01658884808421135,-26.916397094726562,5,6389,0.46338406205177307
18,-143.29794311523438,-2.4001882076263428,401.8164367675781,-32.93609619140625,0.03529035672545433,-27.146207809448242,5,6423,0.46457380056381226
18,-146.46499633789062,-2.3968794345855713,399.1995849609375,-33.04283142089844,0.03218032419681549,-27.361940383911133,5,6455,0.46577128767967224
18,-156.0353546142578,-2.3903439044952393,391.23724365234375,-33.43480682373047,0.023557433858513832,-27.894290924072266,5,6548,0.46939969062805176
18,-156.0353546142578,-2.3903439044952393,391.23724365234375,-33.43480682373047,0.023557433858513832,-27.894290924072266,5,6548,0.46939969062805176
18,-164.11178588867188,-2.3845534324645996,384.5068664550781,-33.88806915283203,0.02376810647547245,-28.154212951660156,5,6623,0.47246506810188293
18,-167.37539672851562,-2.382437229156494,381.8016357421875,-34.07259750366211,0.01728062517940998,-28.17564582824707,1,6475,0.473701536655426
18,-182.3159942626953,-2.3975188732147217,369.68463134765625,-35.28060531616211,-0.22815975546836853,-27.940258026123047,6,5228,0.47931522130966187
18,-187.43760681152344,-2.4181175231933594,365.67578125,-35.840267181396484,-0.03816169500350952,-27.73758316040039,6,5249,0.4812142848968506
18,-190.89537048339844,-2.4204261302948,363.01800537109375,-36.17631530761719,-0.04560106247663498,-27.644500732421875,6,5286,0.4824883043766022
18,-194.3839111328125,-2.430105447769165,360.36761474609375,-36.50019454956055,-0.11064068973064423,-27.564834594726562,6,5310,0.48376524448394775
18,-199.67874145507812,-2.444885492324829,356.41156005859375,-37.034324645996094,-0.12220780551433563,-27.372215270996094,6,5343,0.48569685220718384
18,-201.46133422851562,-2.450669050216675,355.1000061035156,-37.22985076904297,-0.11696023494005203,-27.27943992614746,6,5352,0.48634329438209534
18,-206.867919921875,-2.4657397270202637,351.1970520019531,-37.85793685913086,-0.10514844208955765,-26.917905807495117,6,5392,0.4882890284061432
18,-210.52447509765625,-2.4781243801116943,348.6275939941406,-38.31273651123047,-0.1414448767900467,-26.60470199584961,6,5424,0.48959627747535706
18,-212.3699493408203,-2.4844002723693848,347.35546875,-38.565826416015625,-0.11649578809738159,-26.410348892211914,6,5422,0.4902499318122864
18,-217.9794464111328,-2.498244285583496,343.5990905761719,-39.333255767822266,-0.09564892202615738,-25.753787994384766,6,5471,0.4922218918800354
18,-221.78240966796875,-2.5059432983398438,341.1518249511719,-39.87356185913086,-0.07431374490261078,-25.245546340942383,6,5485,0.49354287981987
18,-225.63616943359375,-2.517348051071167,338.7535705566406,-40.40022277832031,-0.16098439693450928,-24.72452163696289,6,5519,0.4948689341545105
18,-233.50770568847656,-2.531982421875,334.1368713378906,-41.581382751464844,0.058719784021377563,-23.342512130737305,6,5541,0.49753448367118835
18,-239.55416870117188,-2.530052900314331,330.8457336425781,-42.35343933105469,-0.11868171393871307,-22.4188232421875,6,5608,0.4995432496070862
18,-247.79725646972656,-2.5496811866760254,326.6930847167969,-43.49226379394531,-0.0429796427488327,-20.823434829711914,6,5608,0.5022380352020264
18,-251.99880981445312,-2.55607271194458,324.7337951660156,-44.02305221557617,-0.08682579547166824,-20.009489059448242,6,5637,0.503589928150177
18,-256.251953125,-2.563821315765381,322.8572692871094,-44.56656265258789,-0.07142592966556549,-19.10175895690918,6,5650,0.5049462914466858
18,-260.55645751953125,-2.57074236869812,321.0701904296875,-45.09258270263672,-0.07265828549861908,-18.147958755493164,6,5669,0.5063046216964722
18,-264.9107971191406,-2.577979326248169,319.3769226074219,-45.60017776489258,-0.08572567999362946,-17.158435821533203,6,5688,0.5076661109924316
18,-271.5314025878906,-2.591620683670044,317.0211486816406,-46.33574295043945,-0.07683736085891724,-15.559281349182129,6,5704,0.5097137689590454
18,-276.0028991699219,-2.5959343910217285,315.58428955078125,-46.802940368652344,-0.00883423537015915,-14.400199890136719,6,5713,0.5110763907432556
18,-280.5180358886719,-2.5925989151000977,314.2607116699219,-47.24134063720703,0.07069863379001617,-13.21518325805664,6,5723,0.5124496817588806
18,-285.07305908203125,-2.584463357925415,313.048828125,-47.63559341430664,0.08477343618869781,-12.07538890838623,6,5742,0.5138204097747803
18,-291.972900390625,-2.5748748779296875,311.4333801269531,-48.172916412353516,0.04952540621161461,-10.39155101776123,6,5756,0.5158799886703491
18,-296.6139831542969,-2.570504903793335,310.4923400878906,-48.497467041015625,0.04502451419830322,-9.246074676513672,6,5763,0.5172566771507263
18,-301.2847595214844,-2.5657293796539307,309.6620178222656,-48.79734420776367,0.05656016990542412,-8.08794116973877,6,5771,0.5186372399330139
18,-305.9829406738281,-2.5599758625030518,308.94171142578125,-49.06905746459961,0.058080289512872696,-6.96477746963501,6,5782,0.5200204849243164
18,-313.07666015625,-2.5532186031341553,308.0537109375,-49.44271469116211,0.04041823744773865,-5.442401885986328,6,5791,0.5221021175384521
18,-317.83465576171875,-2.550029993057251,307.5719909667969,-49.67182540893555,0.018724987283349037,-4.675597667694092,6,5802,0.5234950184822083
18,-320.2215576171875,-2.548815965652466,307.3536376953125,-49.77562713623047,0.04137474671006203,-4.456167697906494,6,5799,0.5241958498954773
18,-329.8097839355469,-2.505725145339966,306.4775695800781,-50.04508590698242,0.33043336868286133,-5.043148040771484,6,5840,0.5269960165023804
18,-339.4228515625,-2.4794530868530273,305.3463134765625,-50.028282165527344,0.061038095504045486,-6.929749011993408,6,5889,0.529813826084137
18,-341.8228454589844,-2.4760046005249023,304.99853515625,-49.973018646240234,0.07780104130506516,-7.528066158294678,6,5895,0.5305195450782776
18,-349.0034484863281,-2.4739761352539062,303.7882080078125,-49.744529724121094,-0.08751457929611206,-9.214071273803711,6,5989,0.5326396226882935
18,-356.145263671875,-2.4981985092163086,302.33074951171875,-49.415775299072266,-0.19845633208751678,-11.02830696105957,6,5957,0.5347583293914795
18,-360.87408447265625,-2.515836715698242,301.20733642578125,-49.099449157714844,-0.16411641240119934,-12.333951950073242,6,5942,0.5361687541007996
18,-370.2320861816406,-2.545327663421631,298.5924072265625,-48.37333297729492,-0.14319446682929993,-14.844544410705566,6,5958,0.5389930009841919
18,-374.8564147949219,-2.5598411560058594,297.10736083984375,-47.97439956665039,-0.16100803017616272,-16.05508041381836,6,5989,0.5404024124145508
18,-374.8564147949219,-2.5598411560058594,297.10736083984375,-47.97439956665039,-0.16100803017616272,-16.05508041381836,6,5989,0.5404024124145508
18,-383.9782409667969,-2.5719618797302246,293.77105712890625,-47.03612518310547,0.028878221288323402,-18.631479263305664,6,5935,0.5432239174842834
18,-392.9153747558594,-2.5561535358428955,289.95367431640625,-46.02094268798828,0.23444025218486786,-21.152807235717773,6,5883,0.5460445880889893
18,-397.3068542480469,-2.5260024070739746,287.8638000488281,-45.53677749633789,0.31593987345695496,-22.302734375,6,5884,0.5474556684494019
18,-401.6591796875,-2.5052309036254883,285.6798400878906,-45.16239929199219,0.1326940804719925,-23.224266052246094,6,5904,0.5488691329956055
18,-405.9734802246094,-2.495710849761963,283.4013366699219,-44.715232849121094,0.09591992944478989,-24.242015838623047,6,5912,0.5502806305885315
18,-412.35638427734375,-2.4709084033966064,279.7928771972656,-43.95771789550781,0.23238448798656464,-25.81969451904297,6,5928,0.5524044036865234
18,-418.6343994140625,-2.4411675930023193,275.97052001953125,-43.251338958740234,0.16334417462348938,-27.228994369506836,6,5959,0.5545376539230347
18,-420.7042236328125,-2.433767318725586,274.65155029296875,-43.00675964355469,0.1468992531299591,-27.69932746887207,6,5959,0.5552523732185364
18,-426.84521484375,-2.4208192825317383,270.5650939941406,-42.302547454833984,0.024560946971178055,-29.015695571899414,6,5984,0.5573949217796326
18,-430.8827819824219,-2.4192419052124023,267.7363586425781,-41.83442306518555,0.011331506073474884,-29.87128257751465,6,5985,0.5588282346725464
18,-436.86328125,-2.4171621799468994,263.35150146484375,-41.27902603149414,0.03286799415946007,-30.951494216918945,6,5988,0.560980498790741
18,-440.8158874511719,-2.415938138961792,260.3544616699219,-41.10502624511719,-0.05613626167178154,-31.41618537902832,6,6038,0.5624247789382935
18,-444.76324462890625,-2.4385008811950684,257.3258056640625,-41.144020080566406,-0.34829166531562805,-31.64925765991211,6,6027,0.5638741850852966
18,-452.6949157714844,-2.5030088424682617,251.23626708984375,-41.51029968261719,-0.22888946533203125,-31.715646743774414,6,6034,0.5667840838432312
18,-454.69012451171875,-2.5131077766418457,249.71424865722656,-41.61671829223633,-0.20649628341197968,-31.704429626464844,6,6045,0.5675140619277954
18,-464.7354431152344,-2.5706636905670166,242.1016387939453,-42.05018997192383,0.029085732996463776,-31.777145385742188,6,6085,0.5711842179298401
18,-468.7763671875,-2.5584895610809326,239.04388427734375,-42.11911392211914,0.1904594451189041,-31.937591552734375,6,6101,0.5726622939109802
18,-472.8210144042969,-2.5392026901245117,235.96749877929688,-42.140628814697266,0.19881178438663483,-32.14883041381836,6,6125,0.5741424560546875
18,-482.9332580566406,-2.5158209800720215,228.17872619628906,-42.10744094848633,-0.09753956645727158,-32.78508758544922,6,6170,0.5778647065162659
18,-484.95361328125,-2.520235538482666,226.6010284423828,-42.076194763183594,-0.07912079244852066,-32.94188690185547,6,6173,0.5786116719245911
18,-484.95361328125,-2.520235538482666,226.6010284423828,-42.076194763183594,-0.07912079244852066,-32.94188690185547,6,6173,0.5786116719245911
18,-503.12042236328125,-2.5263941287994385,212.13497924804688,-42.1241340637207,-0.0020071612671017647,-33.90077590942383,6,6242,0.5853743553161621
18,-517.2726440429688,-2.486659526824951,200.61936950683594,-42.040611267089844,-0.09643034636974335,-34.73722839355469,6,6301,0.5906903743743896
18,-533.2578125,-2.4878578186035156,186.94955444335938,-41.19202423095703,0.018440883606672287,-36.46257400512695,6,6357,0.5968219041824341
18,-539.1629638671875,-2.4845998287200928,181.65048217773438,-40.825565338134766,0.025769654661417007,-37.12766647338867,6,6376,0.5991300940513611
18,-543.065673828125,-2.4792144298553467,178.06077575683594,-40.46525573730469,0.12436464428901672,-37.666603088378906,6,6383,0.6006749868392944
18,-548.8408203125,-2.4472718238830566,172.56829833984375,-39.72185134887695,0.3046921491622925,-38.62715530395508,6,6406,0.602992832660675
18,-552.6284790039062,-2.4179584980010986,168.82852172851562,-39.20720672607422,0.27487102150917053,-39.25568389892578,6,6433,0.6045435070991516
18,-556.3671875,-2.39743971824646,165.02943420410156,-38.680442810058594,0.1640455424785614,-39.88373947143555,6,6444,0.6060992479324341
18,-560.0490112304688,-2.3824150562286377,161.16580200195312,-38.0264892578125,0.1645256131887436,-40.594688415527344,6,6443,0.6076565384864807
18,-563.6651000976562,-2.3675436973571777,157.23355102539062,-37.335113525390625,0.12959915399551392,-41.30058288574219,6,6456,0.6092177033424377
18,-572.4056396484375,-2.3776371479034424,147.1133575439453,-35.4078369140625,-0.14265181124210358,-43.067569732666016,6,6480,0.6131211519241333
18,-577.3963623046875,-2.392871379852295,140.82481384277344,-33.94553756713867,-0.0935734286904335,-44.229461669921875,6,6483,0.615461528301239
18,-580.6082153320312,-2.4051833152770996,136.5435791015625,-32.989166259765625,-0.16193708777427673,-44.93952941894531,6,6496,0.6170222163200378
18,-583.723876953125,-2.421088218688965,132.19314575195312,-31.936723709106445,-0.15178312361240387,-45.67506790161133,6,6485,0.6185810565948486
18,-586.7352905273438,-2.4329674243927,127.77245330810547,-30.838930130004883,-0.10093861073255539,-46.38689041137695,6,6501,0.6201363801956177
18,-591.0477905273438,-2.4381954669952393,121.01350402832031,-29.035465240478516,0.07946732640266418,-47.478240966796875,6,6466,0.6224715709686279
18,-593.7685546875,-2.4147744178771973,116.42029571533203,-27.75957679748535,0.34590429067611694,-48.15718460083008,6,6509,0.6240241527557373
18,-593.7685546875,-2.4147744178771973,116.42029571533203,-27.75957679748535,0.34590429067611694,-48.15718460083008,6,6509,0.6240241527557373
18,-598.9273071289062,-2.3941237926483154,107.07330322265625,-25.868011474609375,0.0067237070761621,-49.250221252441406,6,6442,0.6271318793296814
18,-601.3524169921875,-2.3831090927124023,102.31497955322266,-24.737606048583984,0.1836499571800232,-49.84235382080078,6,6446,0.6286832690238953
18,-604.8148803710938,-2.359055995941162,95.08329772949219,-23.428783416748047,0.11473920196294785,-50.56071853637695,6,6458,0.6310208439826965
18,-605.9293823242188,-2.354705572128296,92.65074157714844,-23.031280517578125,0.0712592601776123,-50.782169342041016,6,6460,0.6317983865737915
18,-609.1560668945312,-2.346189260482788,85.28978729248047,-21.812105178833008,0.06217706575989723,-51.41638946533203,6,6449,0.6341397762298584
18,-611.2105102539062,-2.3451762199401855,80.34934997558594,-21.02215576171875,-0.07333407551050186,-51.403953552246094,6,6266,0.6356972455978394
18,-613.1936645507812,-2.3682518005371094,75.4391860961914,-20.32413101196289,-0.400654673576355,-50.83283996582031,6,5960,0.6372417211532593
18,-615.1057739257812,-2.415449857711792,70.60213470458984,-19.526248931884766,-0.5476260185241699,-49.94241714477539,6,5710,0.6387594938278198
18,-617.8236694335938,-2.498155355453491,63.520782470703125,-18.1705379486084,-0.5033189058303833,-48.39204788208008,6,5466,0.6409720778465271
18,-619.518798828125,-2.535271644592285,58.9271354675293,-17.213308334350586,-0.316241055727005,-47.345279693603516,1,6019,0.6424029469490051
18,-620.3345947265625,-2.5503129959106445,56.668006896972656,-16.810911178588867,-0.316460520029068,-46.82002639770508,1,6461,0.6431036591529846
18,-622.6532592773438,-2.579240560531616,50.056400299072266,-15.284966468811035,0.09519961476325989,-45.02092742919922,5,6606,0.6451483368873596
18,-624.0704956054688,-2.5548336505889893,45.790462493896484,-14.365368843078613,0.28134968876838684,-43.90660095214844,5,6533,0.6464614868164062
18,-625.4192504882812,-2.534165859222412,41.631378173828125,-13.749363899230957,0.19544214010238647,-42.74770736694336,5,6376,0.647742509841919
18,-626.709228515625,-2.509202718734741,37.587215423583984,-13.155611991882324,0.3134056627750397,-41.55917739868164,5,6195,0.6489797234535217
18,-628.546875,-2.4749417304992676,31.723295211791992,-12.449265480041504,0.05087638646364212,-39.97806930541992,5,5706,0.6507735848426819
18,-629.7225341796875,-2.4851760864257812,27.93886375427246,-12.031383514404297,-0.17905835807323456,-38.8154296875,5,5563,0.651931643486023
18,-630.854736328125,-2.5009896755218506,24.273235321044922,-11.559017181396484,-0.17335253953933716,-37.62637710571289,5,5583,0.6530529856681824
18,-631.9364624023438,-2.5233089923858643,20.710817337036133,-10.961005210876465,-0.29603347182273865,-36.63911819458008,5,5257,0.6541399955749512
18,-632.9489135742188,-2.550140857696533,17.24087905883789,-10.121553421020508,-0.22130706906318665,-35.677879333496094,5,5134,0.6551977396011353
18,-633.8652954101562,-2.553616762161255,13.862802505493164,-8.95358943939209,0.18022331595420837,-34.73772048950195,5,5103,0.6562179327011108
18,-635.025390625,-2.5070581436157227,8.938323020935059,-7.325571060180664,0.2514544427394867,-33.78120803833008,5,4968,0.6576929688453674
18,-635.6837158203125,-2.494946241378784,5.719053745269775,-6.4007086753845215,0.022643133997917175,-33.29629135131836,5,4825,0.6586501598358154
18,-636.4866333007812,-2.4998233318328857,0.9675670266151428,-4.741416931152344,-0.043487709015607834,-32.762237548828125,1,4611,0.660054087638855
18,-636.8800659179688,-2.500958204269409,-2.1665525436401367,-3.4810585975646973,0.010805313475430012,-32.564491271972656,1,5723,0.660971462726593
18,-637.1505737304688,-2.4990668296813965,-5.286375999450684,-2.204897403717041,0.019272150471806526,-32.389251708984375,4,5947,0.661881148815155
18,-637.33154296875,-2.5015347003936768,-9.922415733337402,-0.37536242604255676,-0.08069157600402832,-31.996593475341797,4,5848,0.6632309556007385
18,-637.30908203125,-2.514296054840088,-12.978860855102539,0.8158515691757202,-0.17422159016132355,-31.678993225097656,4,5784,0.6641160249710083
18,-637.170654296875,-2.534029960632324,-16.002059936523438,2.0650923252105713,-0.2017318606376648,-31.299480438232422,4,5726,0.6649925112724304
18,-636.9090576171875,-2.550889253616333,-18.985239028930664,3.3340251445770264,-0.1841449737548828,-30.848102569580078,4,5685,0.6658589839935303
18,-636.2945556640625,-2.5771663188934326,-23.374109268188477,5.320206642150879,-0.021778792142868042,-30.016883850097656,4,5587,0.6671344637870789
18,-636.0187377929688,-2.5730230808258057,-24.805416107177734,6.119596004486084,0.1806720495223999,-29.641664505004883,4,5598,0.667554497718811
18,-635.7066040039062,-2.560744047164917,-26.2197265625,6.813698768615723,0.2928851544857025,-29.321989059448242,4,5585,0.6679715514183044
18,-634.1944580078125,-2.536263942718506,-31.752025604248047,8.89503002166748,-0.054869238287210464,-28.310447692871094,4,5544,0.6696160435676575
18,-633.2811279296875,-2.540462017059326,-34.44010543823242,10.137858390808105,0.00540683651342988,-27.7214298248291,4,5632,0.6704302430152893
18,-631.6837158203125,-2.529087543487549,-38.37515640258789,11.964933395385742,0.10206778347492218,-26.97983741760254,4,5681,0.6716464757919312
18,-630.4805297851562,-2.521885871887207,-40.94449234008789,13.071063041687012,0.05914057418704033,-26.56206512451172,4,5719,0.6724559664726257
18,-629.1718139648438,-2.5175933837890625,-43.47352981567383,14.148724555969238,0.025227617472410202,-26.134721755981445,4,5760,0.6732720136642456
18,-628.4789428710938,-2.5168633460998535,-44.72193908691406,14.708903312683105,0.02305729128420353,-25.891056060791016,4,5786,0.6736800670623779
18,-626.2311401367188,-2.5013976097106934,-48.3949089050293,16.459354400634766,0.1681087166070938,-25.172687530517578,4,5906,0.6749067902565002
18,-623.74365234375,-2.483731269836426,-51.971920013427734,18.01786994934082,0.041050057858228683,-24.502410888671875,4,5956,0.6761501431465149
18,-621.9620361328125,-2.481401205062866,-54.295372009277344,19.065378189086914,0.017849178984761238,-23.907381057739258,4,5978,0.6769880652427673
18,-620.0803833007812,-2.479691743850708,-56.558963775634766,20.09339141845703,0.009452927857637405,-23.269115447998047,4,6023,0.6778254508972168
18,-618.101806640625,-2.4801013469696045,-58.760047912597656,21.09221076965332,-0.016026558354496956,-22.60295867919922,4,6086,0.6786699891090393
18,-614.9537353515625,-2.482727289199829,-61.9392204284668,22.594697952270508,-0.014688321389257908,-21.565847396850586,4,6177,0.6799432039260864
18,-612.7360229492188,-2.483539342880249,-63.97342300415039,23.568540573120117,-0.002906893379986286,-20.83165740966797,4,6214,0.6807953119277954
18,-610.4268188476562,-2.483454465866089,-65.93609619140625,24.504444122314453,0.002173330634832382,-20.076576232910156,4,6248,0.6816595792770386
18,-608.0292358398438,-2.4832842350006104,-67.82466125488281,25.41130828857422,0.0009774708887562156,-19.28730010986328,4,6277,0.6825318336486816
18,-604.2738647460938,-2.4831440448760986,-70.51285552978516,26.704320907592773,0.002050350420176983,-18.078948974609375,4,6313,0.6838507652282715
18,-600.3395385742188,-2.4826695919036865,-73.0304183959961,27.898378372192383,0.003742924891412258,-16.922395706176758,4,6340,0.6851919889450073
18,-597.6245727539062,-2.482374668121338,-74.61929321289062,28.627864837646484,0.002324910368770361,-16.214357376098633,4,6363,0.6860959529876709
18,-594.843017578125,-2.482196092605591,-76.14479064941406,29.285507202148438,0.0017729956889525056,-15.605021476745605,4,6396,0.687014102935791
18,-590.560791015625,-2.4818663597106934,-78.33502197265625,30.156105041503906,0.0026020805817097425,-14.852566719055176,4,6459,0.6883988976478577
18,-587.6389770507812,-2.4816181659698486,-79.73773193359375,30.69658851623535,0.002604828216135502,-14.380250930786133,4,6509,0.6893395185470581
18,-583.1593627929688,-2.481285810470581,-81.74934387207031,31.506698608398438,0.002468722639605403,-13.542139053344727,4,6595,0.6907573938369751
18,-580.107666015625,-2.4809818267822266,-83.01705169677734,32.051876068115234,0.0037198751233518124,-12.877824783325195,4,6649,0.6917130351066589
18,-577.0040283203125,-2.4806575775146484,-84.2177734375,32.58808898925781,0.0024980176240205765,-12.14887809753418,4,6701,0.69267737865448
18,-573.8496704101562,-2.4805729389190674,-85.34476470947266,33.1114387512207,-7.920544157968834e-05,-11.341324806213379,4,6750,0.6936454176902771
18,-570.6473388671875,-2.480595111846924,-86.38975524902344,33.557159423828125,0.00011995255772490054,-10.4334135055542,4,6669,0.6946220397949219
18,-565.7893676757812,-2.480804204940796,-87.7803955078125,33.84737014770508,-0.0042966073378920555,-8.892419815063477,4,6518,0.6960898041725159
18,-562.5358276367188,-2.4811766147613525,-88.5812759399414,33.93232727050781,-0.0025672991760075092,-7.823461055755615,4,6511,0.6970639228820801
18,-559.2728271484375,-2.481238603591919,-89.27883911132812,34.042572021484375,0.0005834507173858583,-6.740288257598877,4,6520,0.6980357766151428
18,-555.9992065429688,-2.4811387062072754,-89.87208557128906,34.15998458862305,0.0012148540699854493,-5.659529209136963,4,6557,0.6990078091621399
18,-552.7125244140625,-2.4809389114379883,-90.36478424072266,34.31425857543945,0.0031495336443185806,-4.653435230255127,4,6587,0.6999776363372803
18,-551.0631103515625,-2.480748414993286,-90.57608795166016,34.40711212158203,0.004567262250930071,-4.182473659515381,4,6608,0.70046466588974
18,-547.7490844726562,-2.4801828861236572,-90.931884765625,34.64320373535156,0.007213819772005081,-3.2633349895477295,4,6679,0.70144122838974
18,-541.0692138671875,-2.4723639488220215,-91.3789291381836,34.938201904296875,0.1287190318107605,-1.4154942035675049,5,5381,0.7034198045730591
18,-536.0054321289062,-2.439429521560669,-91.47515869140625,35.36524963378906,0.27850252389907837,0.04442567005753517,5,5383,0.704917311668396
18,-534.3047485351562,-2.427544593811035,-91.4618148803711,35.48622512817383,0.20820358395576477,0.478017657995224,5,5424,0.7054212093353271
18,-529.169921875,-2.4216744899749756,-91.29786682128906,35.7994499206543,-0.07695093750953674,1.8359168767929077,5,5474,0.7069473266601562
18,-525.7291870117188,-2.4321343898773193,-91.06790924072266,35.83992004394531,-0.11799611151218414,2.9517033100128174,5,5417,0.7079781889915466
18,-522.29638671875,-2.4431447982788086,-90.72509765625,35.64815902709961,-0.09917338192462921,4.164496898651123,5,5319,0.7090098261833191
18,-517.1973266601562,-2.458540439605713,-89.99361419677734,35.18662643432617,-0.12443289160728455,5.963104248046875,5,5368,0.7105529308319092
18,-513.8341674804688,-2.469789505004883,-89.3587417602539,34.880313873291016,-0.09906129539012909,7.2348127365112305,5,5368,0.7115749716758728
18,-508.85028076171875,-2.479520797729492,-88.17547607421875,34.34676742553711,-0.05288839712738991,9.145059585571289,5,5385,0.7131057381629944
18,-505.57098388671875,-2.48235821723938,-87.23397827148438,33.998043060302734,-0.01002017967402935,10.417880058288574,5,5491,0.7141194939613342
18,-500.705322265625,-2.4805843830108643,-85.59530639648438,33.58796691894531,0.020164933055639267,12.278203010559082,5,5588,0.7156391143798828
18,-497.4952087402344,-2.480959177017212,-84.35789489746094,33.29640197753906,-0.014370606280863285,13.482649803161621,5,5593,0.716655969619751
18,-494.3154296875,-2.4820556640625,-83.00345611572266,32.95227813720703,-0.006976685021072626,14.706293106079102,5,5602,0.7176721096038818
18,-491.1731262207031,-2.479316234588623,-81.52898406982422,32.525875091552734,0.061795998364686966,15.956101417541504,5,5649,0.718690812587738
18,-488.0697326660156,-2.473433256149292,-79.93924713134766,32.12648391723633,0.05149225890636444,17.117013931274414,5,5673,0.7197123169898987
18,-485.00701904296875,-2.4699361324310303,-78.23969268798828,31.681560516357422,0.04547925293445587,18.282978057861328,5,5660,0.7207369208335876
18,-481.9916076660156,-2.46256947517395,-76.42478942871094,31.143539428710938,0.1120615303516388,19.49184226989746,5,5680,0.7217652201652527
18,-476.1094970703125,-2.4467415809631348,-72.4693374633789,30.1561336517334,-0.0042406730353832245,21.63544273376465,5,5712,0.7238314151763916
18,-473.2436218261719,-2.445014476776123,-70.3372573852539,29.55356216430664,0.06432081013917923,22.75517463684082,5,5724,0.7248706817626953
18,-470.43658447265625,-2.433300256729126,-68.09786224365234,28.94303321838379,0.17595729231834412,23.846487045288086,5,5734,0.7259166836738586
18,-467.68310546875,-2.41759991645813,-65.76138305664062,28.445350646972656,0.1279613971710205,24.77435302734375,5,5777,0.7269666790962219
18,-464.9727783203125,-2.4160165786743164,-63.343109130859375,28.01610565185547,-0.05215265229344368,25.60750389099121,5,5797,0.7280256748199463
18,-462.3121643066406,-2.4155876636505127,-60.837730407714844,27.451278686523438,0.04183879494667053,26.542123794555664,5,5786,0.7290900349617004
18,-459.70599365234375,-2.4075446128845215,-58.24578857421875,26.896507263183594,0.08071038126945496,27.402019500732422,5,5844,0.7301596403121948
18,-457.1522216796875,-2.3971543312072754,-55.57196807861328,26.347108840942383,0.10369420796632767,28.23720932006836,5,5889,0.7312372326850891
18,-453.41717529296875,-2.376582384109497,-51.41737365722656,25.543224334716797,0.21055029332637787,29.425783157348633,5,5896,0.7328645586967468
18,-450.9875183105469,-2.358196496963501,-48.55840301513672,25.117332458496094,0.10831268876791,30.07486343383789,5,6006,0.7339596748352051
18,-448.59814453125,-2.3526484966278076,-45.63738250732422,24.65216636657715,0.07863922417163849,30.765972137451172,5,5971,0.735060453414917
18,-445.1014404296875,-2.3418543338775635,-41.13351058959961,23.95073127746582,0.027021482586860657,31.75284194946289,5,6012,0.7367285490036011
18,-442.822265625,-2.3468313217163086,-38.057334899902344,23.53464126586914,-0.10469869524240494,32.340702056884766,5,6055,0.7378441691398621
18,-440.5874938964844,-2.3538272380828857,-34.92130661010742,23.044097900390625,-0.039088085293769836,32.96554946899414,5,6085,0.7389748692512512
18,-438.3966979980469,-2.356451988220215,-31.727935791015625,22.623899459838867,-0.03758198767900467,33.52836608886719,5,6133,0.7401081323623657
18,-435.1902160644531,-2.343433141708374,-26.836761474609375,21.900100708007812,0.3090972900390625,34.394622802734375,5,6148,0.7418227791786194
18,-433.1083068847656,-2.3018195629119873,-23.508787155151367,21.510622024536133,0.5264415740966797,34.90209197998047,5,6177,0.7429741024971008
18,-431.0559997558594,-2.245460271835327,-20.1378116607666,21.259796142578125,0.6497883200645447,35.31318664550781,5,6200,0.7441288828849792
18,-429.0246887207031,-2.1809072494506836,-16.729421615600586,21.082895278930664,0.6443793773651123,35.67319869995117,5,6252,0.74528968334198
18,-426.0020446777344,-2.1036791801452637,-11.556401252746582,20.8802490234375,0.5170117020606995,36.17904281616211,5,6292,0.747044026851654
18,-424.0067138671875,-2.0490851402282715,-8.065814971923828,20.702730178833008,0.595068633556366,36.52614212036133,5,6319,0.7482202053070068
18,-422.024169921875,-1.999979019165039,-4.544378757476807,20.620033264160156,0.3704279363155365,36.81475067138672,5,6397,0.7493983507156372
18,-420.0461730957031,-1.9826951026916504,-0.9968115091323853,20.582246780395508,0.05926094204187393,37.098243713378906,5,6403,0.7505824565887451
18,-417.08966064453125,-1.9736757278442383,4.377513885498047,20.500667572021484,0.08553732931613922,37.522953033447266,5,6431,0.7523758411407471
18,-416.1056823730469,-1.9697620868682861,6.181746482849121,20.50352668762207,0.07256022095680237,37.644710540771484,5,6450,0.7529771327972412
18,-413.14825439453125,-1.9738836288452148,11.626890182495117,20.58256721496582,-0.17428825795650482,37.969722747802734,5,6514,0.75478196144104
18,-411.16839599609375,-2.002690553665161,15.282082557678223,20.66456413269043,-0.40218743681907654,38.17429733276367,5,6546,0.7559917569160461
18,-409.1802673339844,-2.046924114227295,18.956966400146484,20.75253677368164,-0.5053430199623108,38.37703323364258,5,6566,0.7572099566459656
18,-407.1829528808594,-2.1010305881500244,22.650619506835938,20.859888076782227,-0.6298413276672363,38.565185546875,5,6602,0.7584342956542969
18,-405.17388916015625,-2.168414354324341,26.36138343811035,20.998750686645508,-0.7493063807487488,38.73431396484375,5,6633,0.7596632242202759
18,-402.1304016113281,-2.2686986923217773,31.955448150634766,21.279415130615234,-0.5929210782051086,38.94612121582031,5,6664,0.7615181803703308
18,-400.0765380859375,-2.3164541721343994,35.70009994506836,21.503803253173828,-0.41374027729034424,39.06056594848633,5,6691,0.762763500213623
18,-398.0053405761719,-2.3508622646331787,39.4473762512207,21.62358283996582,-0.3285581171512604,38.97804260253906,1,6036,0.7640125155448914
18,-395.91900634765625,-2.382563829421997,43.194522857666016,21.852916717529297,-0.3316858112812042,39.11061096191406,6,5199,0.7652614712715149
18,-393.80926513671875,-2.413872480392456,46.955196380615234,22.09353256225586,-0.3227545917034149,39.23232650756836,6,5221,0.7665178775787354
18,-391.6763916015625,-2.4443275928497314,50.727359771728516,22.333524703979492,-0.30482274293899536,39.35040283203125,6,5246,0.7677804827690125
18,-388.4337463378906,-2.4777379035949707,56.4061279296875,22.699308395385742,-0.12099842727184296,39.5136604309082,6,5279,0.7696861028671265
18,-386.24212646484375,-2.4804368019104004,60.20429611206055,22.950149536132812,0.04700084403157234,39.61223602294922,6,5302,0.7709640860557556
18,-382.91094970703125,-2.4692633152008057,65.91948699951172,23.29877471923828,-0.017086785286664963,39.76837158203125,6,5355,0.7728918790817261
18,-381.7901916503906,-2.47542667388916,67.82964324951172,23.386699676513672,-0.24370430409908295,39.81393814086914,6,5459,0.7735369801521301
18,-378.3930969238281,-2.537841320037842,73.57636260986328,23.825098037719727,-0.41839876770973206,39.959251403808594,6,5387,0.775482714176178
18,-376.0883483886719,-2.5674045085906982,77.41381072998047,24.174360275268555,-0.21555212140083313,39.99045181274414,6,5409,0.7767876982688904
18,-373.7532653808594,-2.5846617221832275,81.25617218017578,24.450483322143555,-0.18131673336029053,40.065284729003906,6,5445,0.7780982851982117
18,-371.3958435058594,-2.6075596809387207,85.10819244384766,24.648778915405273,-0.26492923498153687,40.188720703125,6,5471,0.7794142365455627
18,-369.0209655761719,-2.6230196952819824,88.97309112548828,24.820602416992188,-0.010573835112154484,40.32295608520508,6,5477,0.7807372212409973
18,-365.4331970214844,-2.6125361919403076,94.79656982421875,24.967164993286133,-0.0968291312456131,40.56975173950195,6,5593,0.7827320694923401
18,-363.0333557128906,-2.6324779987335205,98.7021713256836,25.03034019470215,-0.1638854593038559,40.79364776611328,6,5532,0.7840676307678223
18,-361.83087158203125,-2.6360676288604736,100.66242218017578,25.074390411376953,-0.0046977754682302475,40.879024505615234,6,5543,0.7847384214401245
18,-358.2066650390625,-2.6170237064361572,106.56623077392578,25.253156661987305,0.17395424842834473,41.11124801635742,6,5594,0.7867583632469177
18,-355.7763366699219,-2.6025755405426025,110.52051544189453,25.38235855102539,0.14894117414951324,41.25947952270508,6,5614,0.788110613822937
18,-352.1037902832031,-2.582106351852417,116.47601318359375,25.607519149780273,-0.00443112850189209,41.44964599609375,6,5696,0.7901498675346375
18,-349.6387023925781,-2.603231430053711,120.46259307861328,25.764747619628906,-0.3563973009586334,41.60397720336914,6,5673,0.7915157079696655
18,-347.1549377441406,-2.625397205352783,124.46062469482422,25.985370635986328,-0.01125112734735012,41.67858123779297,6,5681,0.7928882241249084
18,-344.64874267578125,-2.6029279232025146,128.46510314941406,26.214447021484375,0.40306442975997925,41.75327682495117,6,5692,0.7942639589309692
18,-342.1243896484375,-2.565244674682617,132.4766845703125,26.342288970947266,0.2829244136810303,41.79273986816406,6,5714,0.7956444621086121
18,-339.5980529785156,-2.5605945587158203,136.47996520996094,26.243043899536133,-0.14932215213775635,41.53582000732422,6,5576,0.7970249652862549
18,-335.8566589355469,-2.5765085220336914,142.3797607421875,25.661813735961914,-0.008171076886355877,40.32626724243164,6,5307,0.7990624904632568
18,-333.421875,-2.577509880065918,146.19879150390625,25.06964683532715,-0.04460608586668968,39.24764633178711,1,5260,0.8003852963447571
18,-331.04541015625,-2.5867059230804443,149.90904235839844,24.454627990722656,-0.13544653356075287,38.06542205810547,1,6283,0.801672101020813
18,-328.7271728515625,-2.600466728210449,153.50074768066406,23.848304748535156,-0.15309551358222961,36.79054260253906,5,6051,0.8029177784919739
18,-326.4701232910156,-2.612719774246216,156.96612548828125,23.2095890045166,-0.04200487211346626,35.41180419921875,5,5832,0.804124653339386
18,-323.1837463378906,-2.5892279148101807,161.90603637695312,22.467241287231445,0.23525099456310272,33.3213996887207,5,5726,0.8058584928512573
18,-321.05194091796875,-2.5675668716430664,165.0409698486328,21.97332000732422,0.2456987500190735,31.999130249023438,5,5517,0.8069596886634827
18,-318.9640197753906,-2.5397682189941406,168.046142578125,21.547651290893555,0.3204708993434906,30.656248092651367,5,5199,0.8080257177352905
18,-316.9158020019531,-2.507183790206909,170.9226837158203,21.159955978393555,0.33739542961120605,29.341182708740234,5,5119,0.8090546131134033
18,-314.8960876464844,-2.480072498321533,173.68060302734375,20.96234893798828,0.22354887425899506,28.171062469482422,5,4945,0.8100461363792419
18,-311.875732421875,-2.4554977416992188,177.607177734375,21.03923225402832,0.14990399777889252,26.38125228881836,5,4739,0.8114810585975647
18,-309.8489074707031,-2.4450314044952393,180.0814666748047,21.185152053833008,0.045686621218919754,25.22187042236328,5,4624,0.812404453754425
18,-307.80206298828125,-2.4442639350891113,182.44412231445312,21.49698829650879,-0.004933590069413185,24.0225830078125,5,4564,0.8133065700531006
18,-305.7131652832031,-2.44576096534729,184.69256591796875,22.037630081176758,-0.04765425622463226,22.888744354248047,5,4612,0.8141863942146301
18,-303.5640563964844,-2.4565656185150146,186.84092712402344,22.725963592529297,-0.17115169763565063,21.892499923706055,5,4653,0.8150534629821777
18,-301.34588623046875,-2.4764487743377686,188.8910675048828,23.476940155029297,-0.22954928874969482,20.848840713500977,5,4733,0.8159188628196716
18,-297.8760986328125,-2.511608839035034,191.77796936035156,24.70064926147461,-0.2582736015319824,19.287601470947266,5,4800,0.8172076940536499
18,-296.6796875,-2.5241429805755615,192.69070434570312,25.12492561340332,-0.2628912329673767,18.774585723876953,5,4832,0.8176367878913879
18,-292.9654541015625,-2.5612363815307617,195.2811737060547,26.437740325927734,-0.2474587857723236,17.233598709106445,5,4874,0.8189256191253662
18,-290.3849182128906,-2.584425210952759,196.88394165039062,27.29326629638672,-0.2311290204524994,16.180925369262695,5,4906,0.8197928071022034
18,-287.7234802246094,-2.604234457015991,198.382568359375,28.121063232421875,-0.1758735179901123,15.063660621643066,5,4913,0.8206629753112793
18,-284.9852294921875,-2.6179378032684326,199.7715606689453,28.8846435546875,-0.12052410840988159,13.914263725280762,5,4920,0.8215392827987671
18,-282.1781311035156,-2.629868984222412,201.05177307128906,29.56018829345703,-0.12922947108745575,12.786970138549805,5,4936,0.8224241137504578
18,-277.84881591796875,-2.6395716667175293,202.75401306152344,30.561019897460938,0.07131100445985794,10.811068534851074,5,4993,0.8237501978874207
18,-274.8828125,-2.6203508377075195,203.7209930419922,31.1998291015625,0.2848125696182251,9.413132667541504,5,5003,0.8246442079544067
18,-271.86077880859375,-2.592874050140381,204.5669403076172,31.722841262817383,0.2361728847026825,8.293521881103516,5,5067,0.8255469799041748
18,-268.792724609375,-2.581285238265991,205.3152618408203,32.180145263671875,0.02990606240928173,7.295262336730957,5,5118,0.8264546394348145
18,-265.6806640625,-2.577763080596924,205.95399475097656,32.63975143432617,0.07856106758117676,6.026732921600342,5,5131,0.8273639678955078
18,-262.52557373046875,-2.5650439262390137,206.46946716308594,33.06798553466797,0.16427624225616455,4.768703460693359,5,5141,0.8282836675643921
18,-259.3327941894531,-2.5486977100372314,206.8673858642578,33.428131103515625,0.1809019148349762,3.5505499839782715,5,5193,0.8292111754417419
18,-254.4847869873047,-2.495760679244995,207.2242431640625,33.88508605957031,0.4803558886051178,1.539765477180481,5,5213,0.8306132555007935
18,-251.220458984375,-2.4644360542297363,207.33139038085938,34.12859344482422,0.12118701636791229,0.7644230127334595,5,5396,0.8315597772598267
18,-247.92926025390625,-2.466693639755249,207.3578643798828,34.410953521728516,-0.0005891537293791771,-0.33474200963974,5,5249,0.8325103521347046
18,-244.61671447753906,-2.4558169841766357,207.26258850097656,34.5981559753418,0.17879579961299896,-1.5588747262954712,5,5297,0.8334707617759705
18,-241.28562927246094,-2.442995309829712,207.06466674804688,34.7850341796875,0.043410524725914,-2.4999024868011475,5,5379,0.8344401717185974
18,-236.2578582763672,-2.4494361877441406,206.59576416015625,35.022361755371094,-0.0470905564725399,-4.03761100769043,5,5392,0.8359084129333496
18,-232.89036560058594,-2.4502439498901367,206.15310668945312,35.12289047241211,0.03427615761756897,-5.157602310180664,5,5418,0.8368968963623047
18,-231.20355224609375,-2.44761061668396,205.8914337158203,35.158390045166016,0.06882011145353317,-5.709310531616211,5,5440,0.8373939990997314
18,-226.13243103027344,-2.441776752471924,204.95896911621094,35.270877838134766,-0.0874725803732872,-7.146684646606445,5,5542,0.8388956189155579
18,-222.7460174560547,-2.457078218460083,204.22332763671875,35.27851867675781,-0.14080047607421875,-8.230823516845703,5,5522,0.83990478515625
18,-219.36170959472656,-2.4627201557159424,203.37533569335938,35.230342864990234,-0.01263208594173193,-9.38231372833252,5,5568,0.8409204483032227
18,-215.9831085205078,-2.4672608375549316,202.4230499267578,35.164188385009766,-0.06424354016780853,-10.441695213317871,5,5609,0.8419420719146729
18,-212.61273193359375,-2.4724364280700684,201.36544799804688,35.013736724853516,-0.012105489149689674,-11.546464920043945,5,5773,0.8429704904556274
18,-207.58082580566406,-2.466886520385742,199.5828094482422,34.871028900146484,0.019346602261066437,-13.103992462158203,5,5729,0.8445255160331726
18,-204.2372283935547,-2.469883441925049,198.2785186767578,34.7821044921875,-0.04438193887472153,-14.048032760620117,5,5715,0.8455705046653748
18,-200.90345764160156,-2.472773551940918,196.8842010498047,34.67988586425781,-0.015970628708600998,-14.953797340393066,5,5742,0.8466230034828186
18,-197.57723999023438,-2.4737114906311035,195.40936279296875,34.62458801269531,-0.007756462786346674,-15.71992301940918,5,5765,0.8476828336715698
18,-194.26385498046875,-2.4751126766204834,193.87396240234375,34.3323974609375,-0.023891307413578033,-16.180086135864258,5,5623,0.8487472534179688
18,-191.00340270996094,-2.4780728816986084,192.3173065185547,33.5647087097168,-0.033151235431432724,-16.186656951904297,5,5409,0.8498018980026245
18,-186.27847290039062,-2.4811415672302246,190.01846313476562,32.060089111328125,-0.009247338399291039,-15.668722152709961,5,5080,0.8513357043266296
18,-183.2447509765625,-2.4916305541992188,188.5338592529297,31.123210906982422,-0.11012473702430725,-15.206000328063965,5,4649,0.8523223400115967
18,-180.30606079101562,-2.4933385848999023,187.11216735839844,30.136474609375,0.1163291186094284,-14.382050514221191,1,4549,0.8532769083976746
18,-177.44989013671875,-2.4785494804382324,185.76473999023438,29.390649795532227,0.0630217045545578,-13.781030654907227,1,5645,0.8541989922523499
18,-174.67526245117188,-2.485290050506592,184.47206115722656,28.407760620117188,-0.13703279197216034,-13.11025333404541,4,5452,0.8550936579704285
18,-171.99656677246094,-2.494845390319824,183.2576446533203,27.437255859375,-0.028589777648448944,-12.192615509033203,4,5215,0.8559516668319702
18,-168.15255737304688,-2.486783981323242,181.61019897460938,26.003856658935547,0.03526400774717331,-10.75933837890625,4,5022,0.8571727275848389
18,-165.69464111328125,-2.4894423484802246,180.62301635742188,25.266538619995117,-0.06558544933795929,-9.804203987121582,4,4760,0.8579444289207458
18,-163.30091857910156,-2.4954731464385986,179.73439025878906,24.623703002929688,-0.06309515982866287,-8.741300582885742,4,4578,0.8586902618408203
18,-160.96849060058594,-2.505195140838623,178.94528198242188,23.998517990112305,-0.15236806869506836,-7.731736183166504,4,4424,0.8594082593917847
18,-158.6914520263672,-2.5205955505371094,178.2589569091797,23.5000057220459,-0.1413096785545349,-6.5752739906311035,4,4257,0.8601030111312866
18,-156.45855712890625,-2.5283477306365967,177.6920928955078,23.01338768005371,-0.005763277877122164,-5.2484025955200195,4,4265,0.8607750535011292
18,-153.19766235351562,-2.527773141860962,177.07264709472656,22.291833877563477,-0.05142410844564438,-3.453076124191284,4,4074,0.8617475628852844
18,-151.0813751220703,-2.539775848388672,176.79444885253906,21.804990768432617,-0.18427573144435883,-2.3734941482543945,1,4269,0.8623711466789246
18,-149.01490783691406,-2.556636333465576,176.62550354003906,21.280963897705078,-0.1478477120399475,-1.1663838624954224,1,5255,0.8629805445671082
18,-147.00405883789062,-2.5688345432281494,176.57205200195312,20.611053466796875,-0.11936532706022263,0.005019932985305786,3,5367,0.863572895526886
18,-144.10780334472656,-2.5831539630889893,176.70692443847656,19.640417098999023,-0.0542072132229805,1.863118052482605,3,5196,0.864423394203186
18,-140.4622802734375,-2.5868608951568604,177.3064727783203,18.3913631439209,-0.01287210825830698,4.340190410614014,3,5157,0.8654991984367371
18,-138.72579956054688,-2.585853099822998,177.78614807128906,17.816011428833008,0.039588216692209244,5.622757911682129,3,5468,0.8660203814506531
18,-137.0370330810547,-2.5782270431518555,178.39193725585938,17.363170623779297,0.129624143242836,6.9651899337768555,3,5550,0.8665358424186707
18,-135.4000701904297,-2.5521862506866455,179.1295928955078,16.782140731811523,0.33642396330833435,8.273920059204102,3,5629,0.8670491576194763
18,-132.24073791503906,-2.5122427940368652,180.9253692626953,16.249752044677734,-0.07300882786512375,10.227509498596191,3,5729,0.8680850863456726
18,-130.69749450683594,-2.532789468765259,181.94863891601562,15.88135814666748,-0.2495865374803543,11.118412017822266,3,5787,0.8686067461967468
18,-129.18820190429688,-2.550100564956665,183.0655975341797,15.614798545837402,-0.12010984122753143,12.121304512023926,3,5961,0.8691298961639404
18,-126.95728302001953,-2.559270143508911,184.9261932373047,15.371296882629395,-0.029508240520954132,13.66964054107666,3,6038,0.8699387907981873
18,-125.4893798828125,-2.564243793487549,186.283935546875,15.217421531677246,-0.0824025422334671,14.571763038635254,3,6171,0.8705006837844849
18,-124.76103210449219,-2.569218158721924,186.9941864013672,15.133647918701172,-0.12254636734724045,14.993766784667969,3,6250,0.8707860708236694
18,-122.60582733154297,-2.5921213626861572,189.24745178222656,14.7735013961792,-0.17986039817333221,16.27584457397461,3,6457,0.8716608285903931
18,-121.20463562011719,-2.610804319381714,190.8524932861328,14.359627723693848,-0.19726261496543884,17.09314727783203,1,6376,0.8722545504570007
18,-119.8633804321289,-2.629987955093384,192.52032470703125,13.659361839294434,-0.20454660058021545,17.661848068237305,4,4951,0.8728442192077637
18,-118.58029174804688,-2.6474668979644775,194.25323486328125,13.077585220336914,-0.15028424561023712,18.441452026367188,4,4473,0.87343829870224
18,-116.76539611816406,-2.6596057415008545,197.00518798828125,12.103523254394531,0.006072001066058874,19.758350372314453,4,4559,0.8743401169776917
18,-115.63983917236328,-2.6510303020477295,198.9445037841797,11.375404357910156,0.14912371337413788,20.606752395629883,4,4615,0.874950647354126
18,-114.5840072631836,-2.6306419372558594,200.962646484375,10.649858474731445,0.26055747270584106,21.398527145385742,4,4686,0.8755723237991333
18,-113.13050842285156,-2.584393262863159,204.12550354003906,9.546395301818848,0.38254275918006897,22.496253967285156,4,4801,0.8765200972557068
18,-112.25382232666016,-2.5423061847686768,206.32095336914062,8.759727478027344,0.46683505177497864,23.197467803955078,4,4863,0.8771548867225647
18,-111.4505386352539,-2.4974730014801025,208.58103942871094,8.004270553588867,0.4516240954399109,23.849084854125977,4,4945,0.8778069615364075
18,-110.71946716308594,-2.4573452472686768,210.90101623535156,7.226517677307129,0.39768147468566895,24.46442413330078,4,5004,0.8784575462341309
18,-110.06851196289062,-2.420758008956909,213.27601623535156,6.343442440032959,0.3554244041442871,24.9661808013916,4,4947,0.8791155815124512
18,-109.50157165527344,-2.394177198410034,215.6910858154297,5.497187614440918,0.18480847775936127,25.333812713623047,4,4996,0.8797810077667236
18,-108.80706787109375,-2.3857364654541016,219.37965393066406,4.128849506378174,-0.012513307854533195,25.922760009765625,4,5178,0.8807858228683472
18,-108.6218032836914,-2.3866140842437744,220.6298370361328,3.6186819076538086,-0.022019008174538612,26.156095504760742,4,5239,0.8811213374137878
18,-108.22110748291016,-2.389089584350586,224.44638061523438,1.9515316486358643,-0.006939259357750416,26.814449310302734,4,5344,0.8821403384208679
18,-108.09193420410156,-2.3890373706817627,227.0386962890625,0.7724419236183167,0.005817055236548185,27.169017791748047,4,5426,0.8828293681144714
18,-108.1102523803711,-2.389084577560425,230.98399353027344,-0.9739696383476257,-0.017221877351403236,27.600709915161133,4,5547,0.8838789463043213
18,-108.25889587402344,-2.393629789352417,233.64561462402344,-2.0861752033233643,-0.0784844234585762,27.83199119567871,4,5636,0.8845914006233215
18,-108.51610565185547,-2.4034316539764404,236.3262176513672,-3.2738444805145264,-0.09095354378223419,27.993799209594727,4,5702,0.885320246219635
18,-108.89393615722656,-2.4086356163024902,239.0167999267578,-4.570423126220703,-0.0141445342451334,28.047863006591797,4,5696,0.8860562443733215
18,-109.6875,-2.4098241329193115,243.05825805664062,-6.381679534912109,-0.03645331412553787,28.068132400512695,4,5829,0.8871954083442688
18,-110.3534164428711,-2.41890549659729,245.75428771972656,-7.464732646942139,-0.14893397688865662,28.095930099487305,4,5846,0.8879642486572266
18,-111.11968994140625,-2.4416074752807617,248.448486328125,-8.49917221069336,-0.29897385835647583,28.006053924560547,4,5820,0.8887472152709961
18,-111.9963150024414,-2.4694056510925293,251.12802124023438,-9.729863166809082,-0.26742079854011536,27.828346252441406,4,5887,0.8895534873008728
18,-112.99523162841797,-2.4892005920410156,253.78907775878906,-11.051352500915527,-0.11569587141275406,27.595420837402344,4,5914,0.8903658986091614
18,-114.12044525146484,-2.492995500564575,256.4261474609375,-12.33556842803955,0.03565520420670509,27.35140609741211,4,5893,0.8911828994750977
18,-116.0133285522461,-2.4863719940185547,260.3472595214844,-13.813036918640137,0.012296274304389954,27.172061920166016,4,5939,0.8924258351325989
18,-117.37279510498047,-2.4859633445739746,262.95855712890625,-14.43142318725586,0.0105477599427104,27.259763717651367,4,5944,0.8932639360427856
18,-118.77184295654297,-2.4825282096862793,265.5887145996094,-14.62669563293457,0.05435923486948013,27.563488006591797,4,6000,0.8941094279289246
18,-120.85861206054688,-2.475771188735962,269.6103515625,-14.29105281829834,0.0307408906519413,28.30450439453125,4,6102,0.8954001665115356
18,-122.20831298828125,-2.4744179248809814,272.3454284667969,-13.797167778015137,-0.0013581807725131512,28.589473724365234,4,5999,0.896273136138916
18,-123.49594116210938,-2.4751219749450684,275.07861328125,-13.02727222442627,-0.005625092890113592,28.2724666595459,4,5710,0.8971455693244934
18,-124.7047348022461,-2.4743847846984863,277.7597961425781,-12.16103458404541,0.03640994429588318,27.556106567382812,4,5400,0.8979977369308472
18,-126.34554290771484,-2.453718900680542,281.632080078125,-10.64991569519043,0.21512970328330994,26.248931884765625,4,5082,0.8992215394973755
18,-127.32453918457031,-2.4386069774627686,284.11480712890625,-9.786934852600098,0.07455061376094818,25.543926239013672,1,5667,0.9000002145767212
18,-128.22235107421875,-2.4385766983032227,286.5386047363281,-8.934690475463867,-0.060886502265930176,24.946470260620117,3,6297,0.9007555246353149
18,-129.03285217285156,-2.444207191467285,288.8956604003906,-7.986015796661377,-0.06884843111038208,24.183568954467773,3,6488,0.9014862775802612
18,-129.75318908691406,-2.454946517944336,291.1814270019531,-7.061803340911865,-0.16109831631183624,23.50705909729004,3,6168,0.9021901488304138
18,-130.65481567382812,-2.479771375656128,294.4998779296875,-5.396389484405518,-0.08215475082397461,22.569082260131836,3,5989,0.9032041430473328
18,-131.1120147705078,-2.4802114963531494,296.6380920410156,-4.177001953125,0.03023105300962925,21.981544494628906,3,5868,0.9038484692573547
18,-131.4583740234375,-2.47924542427063,298.72100830078125,-3.0758790969848633,-0.0240491833537817,21.439556121826172,3,5736,0.9044738411903381
18,-131.69654846191406,-2.4819908142089844,300.7545166015625,-1.9077250957489014,-0.011847522109746933,20.94683265686035,3,5465,0.905078649520874
18,-131.81983947753906,-2.4786264896392822,302.7385559082031,-0.7069206237792969,0.08181897550821304,20.388633728027344,3,5288,0.9056681990623474
18,-131.83384704589844,-2.471676826477051,304.6668701171875,0.3667137026786804,0.04249471798539162,19.78061866760254,3,5189,0.9062432050704956
18,-131.7460174560547,-2.4696617126464844,306.5327453613281,1.4335490465164185,0.012331940233707428,19.107637405395508,3,5020,0.9067991375923157
18,-131.55697631835938,-2.468541145324707,308.3321533203125,2.46764874458313,0.019137922674417496,18.361324310302734,3,4752,0.9073402881622314
18,-131.0864715576172,-2.452394485473633,310.8731994628906,3.9357645511627197,0.11083617806434631,16.983074188232422,3,4517,0.908113956451416
18,-130.88710021972656,-2.4489638805389404,311.6771545410156,4.351438999176025,0.03870968148112297,16.533435821533203,3,4486,0.9083585143089294
18,-130.1669464111328,-2.450399398803711,313.95977783203125,5.6239542961120605,-0.047156695276498795,15.199493408203125,3,4098,0.909062385559082
18,-129.5841064453125,-2.4542782306671143,315.3737487792969,6.508508682250977,-0.005360566079616547,14.267679214477539,3,3768,0.9095056056976318
18,-128.91954040527344,-2.4521260261535645,316.6922912597656,7.286439418792725,0.01152738556265831,13.260564804077148,3,3896,0.9099263548851013
18,-127.78474426269531,-2.450608968734741,318.48797607421875,8.444666862487793,0.0333561897277832,11.68479061126709,3,3822,0.9105249643325806
18,-126.49176788330078,-2.4414684772491455,320.0450744628906,9.414320945739746,0.013966294936835766,10.027271270751953,3,3646,0.9110888242721558
18,-125.55872344970703,-2.442931652069092,320.95220947265625,10.03030776977539,-0.012032834812998772,8.898963928222656,3,3644,0.911445140838623
18,-124.56422424316406,-2.4421706199645996,321.7504577636719,10.649444580078125,0.004705859813839197,7.778486251831055,3,3658,0.9117964506149292
18,-123.5145034790039,-2.4445250034332275,322.442626953125,11.195804595947266,-0.052900295704603195,6.674668312072754,3,3705,0.9121416211128235
18,-122.4128189086914,-2.4507558345794678,323.02911376953125,11.73944091796875,-0.06582538038492203,5.583813667297363,3,3816,0.9124829769134521
18,-121.2614517211914,-2.4554622173309326,323.5127258300781,12.210708618164062,-0.03576838970184326,4.546201229095459,3,3841,0.9128240346908569
18,-120.06729888916016,-2.4594662189483643,323.90460205078125,12.647428512573242,-0.04214923083782196,3.6545729637145996,3,3906,0.913171648979187
18,-118.82820129394531,-2.462350368499756,324.21539306640625,13.148213386535645,-0.008133028633892536,2.853271722793579,3,3936,0.9135199785232544
18,-117.5422134399414,-2.461780071258545,324.4520263671875,13.62531852722168,0.011602608487010002,2.103627920150757,3,4039,0.9138811230659485
18,-116.21479797363281,-2.461836099624634,324.6156005859375,14.00124740600586,-0.012226618826389313,1.3157638311386108,3,4117,0.9142541885375977
18,-114.85516357421875,-2.4645416736602783,324.7004699707031,14.302373886108398,-0.03516104444861412,0.45675310492515564,3,4200,0.9146280288696289
18,-112.7748031616211,-2.4663915634155273,324.6600341796875,14.535806655883789,-0.019290843978524208,-0.9964892864227295,3,4311,0.91521155834198
18,-111.37353515625,-2.4682085514068604,324.5128173828125,14.636669158935547,-0.0033036652021110058,-2.0525519847869873,3,4386,0.915603756904602
18,-109.96552276611328,-2.4676575660705566,324.262451171875,14.663752555847168,0.008074128068983555,-3.1325178146362305,3,4413,0.916005551815033
18,-108.56407165527344,-2.467236280441284,323.907958984375,14.512189865112305,0.00019981234800070524,-4.218890190124512,3,4421,0.916415274143219
18,-106.50414276123047,-2.467383623123169,323.1800537109375,14.071112632751465,4.142383113503456e-05,-5.85587215423584,3,4528,0.9170360565185547
18,-105.17230987548828,-2.46730375289917,322.56427001953125,13.6690034866333,0.0012150353286415339,-6.935089588165283,3,4468,0.9174553155899048
18,-103.88467407226562,-2.4671614170074463,321.8465270996094,13.165346145629883,0.000685799983330071,-7.980935096740723,3,4578,0.9178789258003235
18,-103.25890350341797,-2.4671196937561035,321.4501953125,12.909551620483398,0.0008199656731449068,-8.49374771118164,3,4523,0.9180914759635925
18,-100.8849868774414,-2.4661905765533447,319.626953125,11.84195327758789,0.005850723013281822,-10.435807228088379,3,4724,0.9189638495445251
18,-99.77277374267578,-2.465648651123047,318.5797424316406,11.338614463806152,0.00471513532102108,-11.342870712280273,3,4769,0.9194144010543823
18,-98.70716094970703,-2.465407133102417,317.4466552734375,10.87293815612793,0.0005998039850965142,-12.22329330444336,3,4745,0.9198775291442871
18,-97.68437194824219,-2.465524673461914,316.2316589355469,10.47001838684082,-0.0022929625120013952,-13.064370155334473,3,5003,0.9203543663024902
18,-96.69587707519531,-2.465758800506592,314.9360046386719,10.151673316955566,-0.002489378210157156,-13.908003807067871,3,5182,0.9208498001098633
18,-96.69587707519531,-2.465758800506592,314.9360046386719,10.151673316955566,-0.002489378210157156,-13.908003807067871,3,5182,0.9208498001098633
18,-94.81169128417969,-2.4659202098846436,312.1047668457031,9.478800773620605,-0.002756122499704361,-15.544282913208008,3,5434,0.921890139579773
18,-93.48313903808594,-2.4662957191467285,309.7724914550781,8.961207389831543,0.0006146879168227315,-16.821346282958984,3,5679,0.9227129220962524
18,-92.64263153076172,-2.466057777404785,308.116455078125,8.557683944702148,0.002931696828454733,-17.64863395690918,3,5828,0.9232831597328186
18,-91.8411865234375,-2.467125654220581,306.38311767578125,8.152503967285156,-0.03639058396220207,-18.43278694152832,3,5953,0.9238662123680115
18,-90.71147918701172,-2.4770309925079346,303.64813232421875,7.561212062835693,-0.10369770973920822,-19.50420379638672,3,6164,0.9247686862945557
18,-90.35328674316406,-2.4821155071258545,302.7029724121094,7.375051498413086,-0.1046791821718216,-19.854167938232422,3,6200,0.9250755310058594
18,-89.32842254638672,-2.494950771331787,299.7715148925781,6.899323463439941,-0.06414316594600677,-20.816137313842773,3,6361,0.9260202646255493
18,-88.68196105957031,-2.49967885017395,297.75921630859375,6.568843364715576,-0.03949714079499245,-21.00897216796875,1,5803,0.9266549944877625
18,-88.05897521972656,-2.502479076385498,295.7250671386719,6.442541122436523,-0.027164850383996964,-21.43262481689453,4,4339,0.9272878170013428
18,-87.44593811035156,-2.504984140396118,293.6435241699219,6.33628511428833,-0.025482572615146637,-21.919286727905273,4,4413,0.9279340505599976
18,-86.8416519165039,-2.5067672729492188,291.5158386230469,6.261804580688477,-0.01383583527058363,-22.3892765045166,4,4496,0.9285880327224731
18,-86.24263763427734,-2.5071921348571777,289.34356689453125,6.222711086273193,0.005932599306106567,-22.848731994628906,4,4576,0.9292569160461426
18,-85.34835815429688,-2.5067877769470215,286.00390625,6.207711219787598,-0.01346220076084137,-23.520252227783203,4,4703,0.930270791053772
18,-84.7513427734375,-2.510223627090454,283.7239990234375,6.234084606170654,-0.05560450628399849,-23.957578659057617,4,4796,0.9309585690498352
18,-84.15049743652344,-2.5177857875823975,281.4026184082031,6.284338474273682,-0.08602949976921082,-24.392715454101562,4,4869,0.9316548705101013
18,-83.5443344116211,-2.5248522758483887,279.0395202636719,6.343592643737793,-0.04395980015397072,-24.823312759399414,4,4951,0.9323612451553345
18,-82.93146514892578,-2.5244851112365723,276.6357727050781,6.428624629974365,0.03628917038440704,-25.246326446533203,4,5019,0.9330796003341675
18,-81.35126495361328,-2.5161564350128174,270.452880859375,6.755362510681152,-0.12905441224575043,-26.268314361572266,4,5225,0.9349216818809509
18,-80.69673919677734,-2.543253183364868,267.9148254394531,6.883842468261719,-0.40690916776657104,-26.618783950805664,4,5441,0.9356777667999268
18,-80.36399841308594,-2.5629990100860596,266.63092041015625,6.972168445587158,-0.4016168415546417,-26.853412628173828,4,5356,0.9360634684562683
18,-79.34342193603516,-2.597362756729126,262.72052001953125,7.192678928375244,-0.04705553129315376,-27.44766616821289,4,5447,0.9372350573539734
18,-78.64640808105469,-2.5919036865234375,260.06610107421875,7.321986675262451,0.10459582507610321,-27.840429306030273,4,5538,0.9380342960357666
18,-77.93756866455078,-2.5843403339385986,257.37457275390625,7.438714027404785,0.08351095020771027,-28.216455459594727,4,5646,0.9388436079025269
18,-77.57916259765625,-2.578833818435669,256.0154724121094,7.49186372756958,0.13996070623397827,-28.403898239135742,4,5674,0.9392552971839905
18,-76.4890365600586,-2.5431411266326904,251.88243103027344,7.636673450469971,0.30165231227874756,-28.97812271118164,4,5765,0.94050133228302
18,-75.38152313232422,-2.513861656188965,247.668701171875,7.73559045791626,0.05459277704358101,-29.526363372802734,4,5923,0.9417743682861328
18,-74.63672637939453,-2.5190248489379883,244.81658935546875,7.77785587310791,-0.08676756173372269,-29.900897979736328,4,5944,0.9426355361938477
18,-73.88919830322266,-2.5233402252197266,241.9277801513672,7.79344367980957,0.0073349857702851295,-30.269439697265625,4,6000,0.9435110092163086
18,-73.14030456542969,-2.5186846256256104,239.00399780273438,7.809048652648926,0.0793675035238266,-30.628948211669922,4,6064,0.9443946480751038
18,-72.38990020751953,-2.5110604763031006,236.0463409423828,7.822785377502441,0.07106848061084747,-30.977510452270508,4,6138,0.9452913403511047
18,-71.63850402832031,-2.5060269832611084,233.05519104003906,7.829100131988525,0.033256806433200836,-31.326841354370117,4,6196,0.9461933374404907
18,-70.5114974975586,-2.5052034854888916,228.50672912597656,7.823337078094482,-6.290269084274769e-06,-31.837265014648438,4,6287,0.9475658535957336
18,-69.3858871459961,-2.50040340423584,223.88548278808594,7.809604167938232,0.07360736280679703,-32.335418701171875,4,6368,0.948958694934845
18,-68.63653564453125,-2.491616725921631,220.76541137695312,7.804384708404541,0.09545236080884933,-32.656002044677734,4,6432,0.9498939514160156
18,-68.26183319091797,-2.487253427505493,219.19395446777344,7.809079170227051,0.08640722185373306,-32.81257629394531,4,6462,0.9503671526908875
18,-65.99586486816406,-2.466937303543091,209.61331176757812,7.961182594299316,0.0012755775824189186,-33.69834899902344,4,6618,0.9532372355461121
18,-65.228759765625,-2.4763600826263428,206.37078857421875,8.00361442565918,-0.17725281417369843,-33.77889633178711,1,6200,0.9542080760002136
18,-64.45771026611328,-2.4917407035827637,203.12303161621094,8.084336280822754,-0.12574036419391632,-33.983829498291016,5,5299,0.9551814794540405
18,-63.281272888183594,-2.503863573074341,198.19590759277344,8.253238677978516,-0.05526544898748398,-34.438392639160156,5,5355,0.956659734249115
18,-62.8836669921875,-2.5064797401428223,196.5390625,8.310206413269043,-0.056347254663705826,-34.58735275268555,5,5382,0.9571577310562134
18,-61.674560546875,-2.51070237159729,191.52621459960938,8.480280876159668,0.011116128414869308,-35.02710723876953,5,5448,0.9586635828018188
18,-60.85490036010742,-2.5087924003601074,188.14927673339844,8.592488288879395,0.021326862275600433,-35.31675338745117,5,5502,0.959679901599884
18,-60.02444839477539,-2.5036380290985107,184.7447967529297,8.705788612365723,0.08929599821567535,-35.603721618652344,5,5535,0.9607028961181641
18,-59.183223724365234,-2.492170810699463,181.31283569335938,8.81551456451416,0.12857750058174133,-35.88669967651367,5,5588,0.9617319703102112
18,-57.90226745605469,-2.4856226444244385,176.1142120361328,8.968347549438477,-0.12204111367464066,-36.296878814697266,5,5721,0.9632945656776428
18,-57.03585433959961,-2.5075244903564453,172.61512756347656,9.081854820251465,-0.24973070621490479,-36.595176696777344,5,5697,0.9643483757972717
18,-56.158390045166016,-2.5263679027557373,169.08828735351562,9.194924354553223,-0.13752047717571259,-36.8722038269043,5,5737,0.9654059410095215
18,-54.82248306274414,-2.5387368202209473,163.74835205078125,9.353130340576172,-0.077420175075531,-37.281761169433594,5,5810,0.967008113861084
18,-54.37225341796875,-2.5426979064941406,161.9553985595703,9.403194427490234,-0.0792963057756424,-37.416500091552734,5,5831,0.9675463438034058
18,-53.007755279541016,-2.546980619430542,156.53805541992188,9.543045043945312,0.01192423515021801,-37.815162658691406,5,5885,0.9691753387451172
18,-51.62413024902344,-2.540703296661377,151.0643768310547,9.671198844909668,0.13325564563274384,-38.19889831542969,5,5933,0.9708238244056702
18,-50.6915283203125,-2.520249366760254,147.385009765625,9.754122734069824,0.25553491711616516,-38.44827651977539,5,5976,0.9719329476356506
18,-49.75148391723633,-2.497363805770874,143.6818084716797,9.826242446899414,0.2008601278066635,-38.69452667236328,5,6026,0.9730488657951355
18,-48.329368591308594,-2.4755403995513916,138.0825958251953,9.924275398254395,0.14043033123016357,-39.06324005126953,5,6076,0.974734365940094
18,-47.852115631103516,-2.468775749206543,136.20452880859375,9.959224700927734,0.13008593022823334,-39.18174743652344,5,6095,0.9753029942512512
18,-46.89238739013672,-2.462820053100586,132.43128967285156,10.032727241516113,-0.025761352851986885,-39.41402816772461,5,6163,0.9764431715011597
18,-45.438907623291016,-2.4703195095062256,126.72870635986328,10.149959564208984,-0.02377214841544628,-39.775081634521484,5,6182,0.9781643748283386
18,-44.460853576660156,-2.470612049102783,122.8988265991211,10.223406791687012,0.008262250572443008,-40.00633239746094,5,6219,0.9793195724487305
18,-43.96921920776367,-2.4702084064483643,120.9756088256836,10.259196281433105,0.007360824383795261,-40.12022399902344,5,6239,0.9798994064331055
18,-41.48583221435547,-2.4852919578552246,111.27781677246094,10.433001518249512,-0.10432742536067963,-40.686851501464844,5,6323,0.9828267097473145
18,-40.48089599609375,-2.4955036640167236,107.36087036132812,10.500781059265137,-0.11397270113229752,-40.908226013183594,5,6361,0.9840080142021179
18,-38.96144485473633,-2.512058734893799,101.44590759277344,10.600162506103516,-0.08021580427885056,-41.23448181152344,5,6409,0.9857908487319946
18,-37.94060516357422,-2.5142147541046143,97.47681427001953,10.664748191833496,0.027663126587867737,-41.447200775146484,5,6436,0.9869852662086487
18,-36.913665771484375,-2.5106241703033447,93.48739624023438,10.727325439453125,0.036793239414691925,-41.65766143798828,5,6473,0.9881855845451355
18,-35.880760192871094,-2.506857395172119,89.47799682617188,10.789935111999512,0.049683578312397,-41.865135192871094,5,6499,0.989391028881073
18,-34.32062530517578,-2.499436616897583,83.42703247070312,10.874098777770996,0.041367463767528534,-42.16991424560547,5,6551,0.9912105798721313
18,-33.798065185546875,-2.497804641723633,81.40030670166016,10.897384643554688,0.02776544913649559,-42.27130126953125,5,6566,0.9918199181556702
18,-32.223541259765625,-2.4951252937316895,75.29104614257812,10.97227668762207,-0.007073651999235153,-42.573001861572266,5,6607,0.9936560392379761
18,-31.1673526763916,-2.500856876373291,71.19461822509766,11.031137466430664,-0.104983389377594,-42.76570510864258,5,6645,0.9948878884315491
18,-30.105546951293945,-2.5104856491088867,67.07936096191406,11.086699485778809,-0.07301462441682816,-42.9612922668457,5,6666,0.9961239099502563
18,-29.039087295532227,-2.5071442127227783,62.946956634521484,11.116511344909668,0.13999316096305847,-43.07703399658203,1,6431,0.997363269329071
18,-27.43758773803711,-2.4800610542297363,56.7403678894043,11.156060218811035,0.1944752186536789,-43.24018478393555,6,5188,0.9992209672927856
